vote_number,member_full,numerical_vote,
145,Alexander (R-TN),2,
145,Ayotte (R-NH),1,
145,Baldwin (D-WI),2,
145,Barrasso (R-WY),1,
145,Baucus (D-MT),2,
145,Begich (D-AK),0,
145,Bennet (D-CO),2,
145,Blumenthal (D-CT),2,
145,Blunt (R-MO),2,
145,Boozman (R-AR),2,
145,Boxer (D-CA),2,
145,Brown (D-OH),2,
145,Burr (R-NC),2,
145,Cantwell (D-WA),2,
145,Cardin (D-MD),2,
145,Carper (D-DE),2,
145,Casey (D-PA),2,
145,Chambliss (R-GA),2,
145,Chiesa (R-NJ),2,
145,Coats (R-IN),2,
145,Coburn (R-OK),1,
145,Cochran (R-MS),2,
145,Collins (R-ME),2,
145,Coons (D-DE),2,
145,Corker (R-TN),1,
145,Cornyn (R-TX),1,
145,Cowan (D-MA),2,
145,Crapo (R-ID),1,
145,Cruz (R-TX),1,
145,Donnelly (D-IN),2,
145,Durbin (D-IL),2,
145,Enzi (R-WY),1,
145,Feinstein (D-CA),2,
145,Fischer (R-NE),2,
145,Flake (R-AZ),1,
145,Franken (D-MN),2,
145,Gillibrand (D-NY),2,
145,Graham (R-SC),2,
145,Grassley (R-IA),2,
145,Hagan (D-NC),2,
145,Harkin (D-IA),2,
145,Hatch (R-UT),1,
145,Heinrich (D-NM),2,
145,Heitkamp (D-ND),2,
145,Heller (R-NV),1,
145,Hirono (D-HI),2,
145,Hoeven (R-ND),2,
145,Inhofe (R-OK),1,
145,Isakson (R-GA),2,
145,Johanns (R-NE),2,
145,Johnson (D-SD),2,
145,Johnson (R-WI),1,
145,Kaine (D-VA),2,
145,King (I-ME),2,
145,Kirk (R-IL),1,
145,Klobuchar (D-MN),2,
145,Landrieu (D-LA),2,
145,Leahy (D-VT),2,
145,Lee (R-UT),1,
145,Levin (D-MI),2,
145,Manchin (D-WV),0,
145,McCain (R-AZ),0,
145,McCaskill (D-MO),2,
145,McConnell (R-KY),1,
145,Menendez (D-NJ),2,
145,Merkley (D-OR),2,
145,Mikulski (D-MD),2,
145,Moran (R-KS),2,
145,Murkowski (R-AK),0,
145,Murphy (D-CT),2,
145,Murray (D-WA),2,
145,Nelson (D-FL),2,
145,Paul (R-KY),0,
145,Portman (R-OH),1,
145,Pryor (D-AR),2,
145,Reed (D-RI),1,
145,Reid (D-NV),2,
145,Risch (R-ID),1,
145,Roberts (R-KS),1,
145,Rockefeller (D-WV),2,
145,Rubio (R-FL),1,
145,Sanders (I-VT),2,
145,Schatz (D-HI),2,
145,Schumer (D-NY),2,
145,Scott (R-SC),1,
145,Sessions (R-AL),1,
145,Shaheen (D-NH),2,
145,Shelby (R-AL),1,
145,Stabenow (D-MI),2,
145,Tester (D-MT),2,
145,Thune (R-SD),1,
145,Toomey (R-PA),1,
145,Udall (D-CO),0,
145,Udall (D-NM),2,
145,Vitter (R-LA),2,
145,Warner (D-VA),0,
145,Warren (D-MA),2,
145,Whitehouse (D-RI),1,
145,Wicker (R-MS),2,
145,Wyden (D-OR),2,
232,Alexander (R-TN),1,
232,Ayotte (R-NH),2,
232,Baldwin (D-WI),2,
232,Barrasso (R-WY),0,
232,Baucus (D-MT),2,
232,Begich (D-AK),2,
232,Bennet (D-CO),2,
232,Blumenthal (D-CT),2,
232,Blunt (R-MO),1,
232,Booker (D-NJ),2,
232,Boozman (R-AR),1,
232,Boxer (D-CA),2,
232,Brown (D-OH),2,
232,Burr (R-NC),1,
232,Cantwell (D-WA),2,
232,Cardin (D-MD),2,
232,Carper (D-DE),2,
232,Casey (D-PA),0,
232,Chambliss (R-GA),1,
232,Coats (R-IN),1,
232,Coburn (R-OK),0,
232,Cochran (R-MS),1,
232,Collins (R-ME),2,
232,Coons (D-DE),2,
232,Corker (R-TN),1,
232,Cornyn (R-TX),1,
232,Crapo (R-ID),1,
232,Cruz (R-TX),1,
232,Donnelly (D-IN),2,
232,Durbin (D-IL),2,
232,Enzi (R-WY),1,
232,Feinstein (D-CA),2,
232,Fischer (R-NE),1,
232,Flake (R-AZ),2,
232,Franken (D-MN),2,
232,Gillibrand (D-NY),2,
232,Graham (R-SC),1,
232,Grassley (R-IA),1,
232,Hagan (D-NC),2,
232,Harkin (D-IA),2,
232,Hatch (R-UT),2,
232,Heinrich (D-NM),2,
232,Heitkamp (D-ND),2,
232,Heller (R-NV),2,
232,Hirono (D-HI),2,
232,Hoeven (R-ND),1,
232,Inhofe (R-OK),1,
232,Isakson (R-GA),1,
232,Johanns (R-NE),1,
232,Johnson (D-SD),2,
232,Johnson (R-WI),1,
232,Kaine (D-VA),2,
232,King (I-ME),2,
232,Kirk (R-IL),2,
232,Klobuchar (D-MN),2,
232,Landrieu (D-LA),2,
232,Leahy (D-VT),2,
232,Lee (R-UT),1,
232,Levin (D-MI),2,
232,Manchin (D-WV),2,
232,Markey (D-MA),2,
232,McCain (R-AZ),2,
232,McCaskill (D-MO),2,
232,McConnell (R-KY),1,
232,Menendez (D-NJ),2,
232,Merkley (D-OR),2,
232,Mikulski (D-MD),2,
232,Moran (R-KS),1,
232,Murkowski (R-AK),2,
232,Murphy (D-CT),2,
232,Murray (D-WA),2,
232,Nelson (D-FL),2,
232,Paul (R-KY),1,
232,Portman (R-OH),2,
232,Pryor (D-AR),2,
232,Reed (D-RI),2,
232,Reid (D-NV),2,
232,Risch (R-ID),1,
232,Roberts (R-KS),1,
232,Rockefeller (D-WV),2,
232,Rubio (R-FL),1,
232,Sanders (I-VT),2,
232,Schatz (D-HI),2,
232,Schumer (D-NY),2,
232,Scott (R-SC),1,
232,Sessions (R-AL),0,
232,Shaheen (D-NH),2,
232,Shelby (R-AL),1,
232,Stabenow (D-MI),2,
232,Tester (D-MT),2,
232,Thune (R-SD),1,
232,Toomey (R-PA),2,
232,Udall (D-CO),2,
232,Udall (D-NM),2,
232,Vitter (R-LA),1,
232,Warner (D-VA),2,
232,Warren (D-MA),2,
232,Whitehouse (D-RI),2,
232,Wicker (R-MS),1,
232,Wyden (D-OR),2,
168,Alexander (R-TN),2,
168,Ayotte (R-NH),2,
168,Baldwin (D-WI),2,
168,Barrasso (R-WY),1,
168,Baucus (D-MT),2,
168,Begich (D-AK),2,
168,Bennet (D-CO),2,
168,Blumenthal (D-CT),2,
168,Blunt (R-MO),1,
168,Boozman (R-AR),1,
168,Boxer (D-CA),2,
168,Brown (D-OH),2,
168,Burr (R-NC),1,
168,Cantwell (D-WA),2,
168,Cardin (D-MD),2,
168,Carper (D-DE),2,
168,Casey (D-PA),2,
168,Chambliss (R-GA),1,
168,Chiesa (R-NJ),2,
168,Coats (R-IN),1,
168,Coburn (R-OK),1,
168,Cochran (R-MS),1,
168,Collins (R-ME),2,
168,Coons (D-DE),2,
168,Corker (R-TN),2,
168,Cornyn (R-TX),1,
168,Cowan (D-MA),2,
168,Crapo (R-ID),1,
168,Cruz (R-TX),1,
168,Donnelly (D-IN),2,
168,Durbin (D-IL),2,
168,Enzi (R-WY),1,
168,Feinstein (D-CA),2,
168,Fischer (R-NE),1,
168,Flake (R-AZ),2,
168,Franken (D-MN),2,
168,Gillibrand (D-NY),2,
168,Graham (R-SC),2,
168,Grassley (R-IA),1,
168,Hagan (D-NC),2,
168,Harkin (D-IA),2,
168,Hatch (R-UT),2,
168,Heinrich (D-NM),2,
168,Heitkamp (D-ND),2,
168,Heller (R-NV),2,
168,Hirono (D-HI),2,
168,Hoeven (R-ND),2,
168,Inhofe (R-OK),1,
168,Isakson (R-GA),1,
168,Johanns (R-NE),1,
168,Johnson (D-SD),2,
168,Johnson (R-WI),1,
168,Kaine (D-VA),2,
168,King (I-ME),2,
168,Kirk (R-IL),2,
168,Klobuchar (D-MN),2,
168,Landrieu (D-LA),2,
168,Leahy (D-VT),2,
168,Lee (R-UT),1,
168,Levin (D-MI),2,
168,Manchin (D-WV),2,
168,McCain (R-AZ),2,
168,McCaskill (D-MO),2,
168,McConnell (R-KY),1,
168,Menendez (D-NJ),2,
168,Merkley (D-OR),2,
168,Mikulski (D-MD),2,
168,Moran (R-KS),1,
168,Murkowski (R-AK),2,
168,Murphy (D-CT),2,
168,Murray (D-WA),2,
168,Nelson (D-FL),2,
168,Paul (R-KY),1,
168,Portman (R-OH),1,
168,Pryor (D-AR),2,
168,Reed (D-RI),2,
168,Reid (D-NV),2,
168,Risch (R-ID),1,
168,Roberts (R-KS),1,
168,Rockefeller (D-WV),2,
168,Rubio (R-FL),2,
168,Sanders (I-VT),2,
168,Schatz (D-HI),2,
168,Schumer (D-NY),2,
168,Scott (R-SC),1,
168,Sessions (R-AL),1,
168,Shaheen (D-NH),2,
168,Shelby (R-AL),1,
168,Stabenow (D-MI),2,
168,Tester (D-MT),2,
168,Thune (R-SD),1,
168,Toomey (R-PA),1,
168,Udall (D-CO),2,
168,Udall (D-NM),2,
168,Vitter (R-LA),1,
168,Warner (D-VA),2,
168,Warren (D-MA),2,
168,Whitehouse (D-RI),2,
168,Wicker (R-MS),1,
168,Wyden (D-OR),2,
113,Alexander (R-TN),2,
113,Ayotte (R-NH),1,
113,Baldwin (D-WI),2,
113,Barrasso (R-WY),1,
113,Baucus (D-MT),1,
113,Begich (D-AK),0,
113,Bennet (D-CO),2,
113,Blumenthal (D-CT),2,
113,Blunt (R-MO),2,
113,Boozman (R-AR),2,
113,Boxer (D-CA),2,
113,Brown (D-OH),2,
113,Burr (R-NC),2,
113,Cantwell (D-WA),2,
113,Cardin (D-MD),2,
113,Carper (D-DE),2,
113,Casey (D-PA),2,
113,Chambliss (R-GA),2,
113,Coats (R-IN),2,
113,Coburn (R-OK),1,
113,Cochran (R-MS),2,
113,Collins (R-ME),2,
113,Coons (D-DE),2,
113,Corker (R-TN),2,
113,Cornyn (R-TX),0,
113,Cowan (D-MA),2,
113,Crapo (R-ID),1,
113,Cruz (R-TX),1,
113,Donnelly (D-IN),2,
113,Durbin (D-IL),2,
113,Enzi (R-WY),2,
113,Feinstein (D-CA),2,
113,Fischer (R-NE),2,
113,Flake (R-AZ),1,
113,Franken (D-MN),2,
113,Gillibrand (D-NY),2,
113,Graham (R-SC),2,
113,Grassley (R-IA),1,
113,Hagan (D-NC),2,
113,Harkin (D-IA),2,
113,Hatch (R-UT),1,
113,Heinrich (D-NM),2,
113,Heitkamp (D-ND),2,
113,Heller (R-NV),1,
113,Hirono (D-HI),2,
113,Hoeven (R-ND),2,
113,Inhofe (R-OK),1,
113,Isakson (R-GA),2,
113,Johanns (R-NE),2,
113,Johnson (D-SD),2,
113,Johnson (R-WI),1,
113,Kaine (D-VA),2,
113,King (I-ME),2,
113,Kirk (R-IL),1,
113,Klobuchar (D-MN),2,
113,Landrieu (D-LA),2,
113,Lautenberg (D-NJ),0,
113,Leahy (D-VT),2,
113,Lee (R-UT),1,
113,Levin (D-MI),2,
113,Manchin (D-WV),2,
113,McCain (R-AZ),2,
113,McCaskill (D-MO),2,
113,McConnell (R-KY),1,
113,Menendez (D-NJ),2,
113,Merkley (D-OR),1,
113,Mikulski (D-MD),2,
113,Moran (R-KS),0,
113,Murkowski (R-AK),1,
113,Murphy (D-CT),2,
113,Murray (D-WA),2,
113,Nelson (D-FL),2,
113,Paul (R-KY),1,
113,Portman (R-OH),2,
113,Pryor (D-AR),2,
113,Reed (D-RI),2,
113,Reid (D-NV),2,
113,Risch (R-ID),1,
113,Roberts (R-KS),1,
113,Rockefeller (D-WV),2,
113,Rubio (R-FL),1,
113,Sanders (I-VT),2,
113,Schatz (D-HI),2,
113,Schumer (D-NY),2,
113,Scott (R-SC),1,
113,Sessions (R-AL),2,
113,Shaheen (D-NH),1,
113,Shelby (R-AL),2,
113,Stabenow (D-MI),2,
113,Tester (D-MT),1,
113,Thune (R-SD),2,
113,Toomey (R-PA),1,
113,Udall (D-CO),2,
113,Udall (D-NM),2,
113,Vitter (R-LA),1,
113,Warner (D-VA),2,
113,Warren (D-MA),2,
113,Whitehouse (D-RI),2,
113,Wicker (R-MS),2,
113,Wyden (D-OR),1,
124,Alexander (R-TN),2,
124,Ayotte (R-NH),1,
124,Baldwin (D-WI),2,
124,Barrasso (R-WY),2,
124,Baucus (D-MT),2,
124,Begich (D-AK),2,
124,Bennet (D-CO),2,
124,Blumenthal (D-CT),2,
124,Blunt (R-MO),2,
124,Boozman (R-AR),2,
124,Boxer (D-CA),2,
124,Brown (D-OH),2,
124,Burr (R-NC),1,
124,Cantwell (D-WA),2,
124,Cardin (D-MD),2,
124,Carper (D-DE),2,
124,Casey (D-PA),2,
124,Chambliss (R-GA),2,
124,Coats (R-IN),2,
124,Coburn (R-OK),1,
124,Cochran (R-MS),2,
124,Collins (R-ME),2,
124,Coons (D-DE),2,
124,Corker (R-TN),2,
124,Cornyn (R-TX),1,
124,Cowan (D-MA),2,
124,Crapo (R-ID),2,
124,Cruz (R-TX),1,
124,Donnelly (D-IN),2,
124,Durbin (D-IL),2,
124,Enzi (R-WY),2,
124,Feinstein (D-CA),2,
124,Fischer (R-NE),2,
124,Flake (R-AZ),1,
124,Franken (D-MN),2,
124,Gillibrand (D-NY),2,
124,Graham (R-SC),2,
124,Grassley (R-IA),2,
124,Hagan (D-NC),2,
124,Harkin (D-IA),2,
124,Hatch (R-UT),2,
124,Heinrich (D-NM),2,
124,Heitkamp (D-ND),2,
124,Heller (R-NV),1,
124,Hirono (D-HI),2,
124,Hoeven (R-ND),2,
124,Inhofe (R-OK),2,
124,Isakson (R-GA),2,
124,Johanns (R-NE),2,
124,Johnson (D-SD),2,
124,Johnson (R-WI),1,
124,Kaine (D-VA),2,
124,King (I-ME),2,
124,Kirk (R-IL),2,
124,Klobuchar (D-MN),2,
124,Landrieu (D-LA),2,
124,Lautenberg (D-NJ),0,
124,Leahy (D-VT),1,
124,Lee (R-UT),1,
124,Levin (D-MI),2,
124,Manchin (D-WV),2,
124,McCain (R-AZ),1,
124,McCaskill (D-MO),2,
124,McConnell (R-KY),2,
124,Menendez (D-NJ),2,
124,Merkley (D-OR),2,
124,Mikulski (D-MD),2,
124,Moran (R-KS),2,
124,Murkowski (R-AK),0,
124,Murphy (D-CT),2,
124,Murray (D-WA),0,
124,Nelson (D-FL),2,
124,Paul (R-KY),1,
124,Portman (R-OH),2,
124,Pryor (D-AR),2,
124,Reed (D-RI),2,
124,Reid (D-NV),2,
124,Risch (R-ID),2,
124,Roberts (R-KS),2,
124,Rockefeller (D-WV),2,
124,Rubio (R-FL),1,
124,Sanders (I-VT),2,
124,Schatz (D-HI),2,
124,Schumer (D-NY),2,
124,Scott (R-SC),1,
124,Sessions (R-AL),2,
124,Shaheen (D-NH),2,
124,Shelby (R-AL),2,
124,Stabenow (D-MI),2,
124,Tester (D-MT),2,
124,Thune (R-SD),2,
124,Toomey (R-PA),2,
124,Udall (D-CO),2,
124,Udall (D-NM),2,
124,Vitter (R-LA),2,
124,Warner (D-VA),2,
124,Warren (D-MA),2,
124,Whitehouse (D-RI),2,
124,Wicker (R-MS),2,
124,Wyden (D-OR),2,
19,Alexander (R-TN),2,
19,Ayotte (R-NH),2,
19,Baldwin (D-WI),2,
19,Barrasso (R-WY),1,
19,Baucus (D-MT),2,
19,Begich (D-AK),2,
19,Bennet (D-CO),2,
19,Blumenthal (D-CT),2,
19,Blunt (R-MO),1,
19,Boozman (R-AR),1,
19,Boxer (D-CA),2,
19,Brown (D-OH),2,
19,Burr (R-NC),2,
19,Cantwell (D-WA),2,
19,Cardin (D-MD),2,
19,Carper (D-DE),2,
19,Casey (D-PA),2,
19,Chambliss (R-GA),2,
19,Coats (R-IN),2,
19,Coburn (R-OK),1,
19,Cochran (R-MS),2,
19,Collins (R-ME),2,
19,Coons (D-DE),2,
19,Corker (R-TN),2,
19,Cornyn (R-TX),1,
19,Cowan (D-MA),2,
19,Crapo (R-ID),2,
19,Cruz (R-TX),1,
19,Donnelly (D-IN),2,
19,Durbin (D-IL),2,
19,Enzi (R-WY),1,
19,Feinstein (D-CA),2,
19,Fischer (R-NE),2,
19,Flake (R-AZ),2,
19,Franken (D-MN),2,
19,Gillibrand (D-NY),2,
19,Graham (R-SC),1,
19,Grassley (R-IA),1,
19,Hagan (D-NC),2,
19,Harkin (D-IA),2,
19,Hatch (R-UT),1,
19,Heinrich (D-NM),2,
19,Heitkamp (D-ND),2,
19,Heller (R-NV),2,
19,Hirono (D-HI),2,
19,Hoeven (R-ND),2,
19,Inhofe (R-OK),1,
19,Isakson (R-GA),2,
19,Johanns (R-NE),1,
19,Johnson (D-SD),2,
19,Johnson (R-WI),1,
19,Kaine (D-VA),2,
19,King (I-ME),2,
19,Kirk (R-IL),2,
19,Klobuchar (D-MN),2,
19,Landrieu (D-LA),2,
19,Lautenberg (D-NJ),2,
19,Leahy (D-VT),2,
19,Lee (R-UT),1,
19,Levin (D-MI),2,
19,Manchin (D-WV),2,
19,McCain (R-AZ),2,
19,McCaskill (D-MO),2,
19,McConnell (R-KY),1,
19,Menendez (D-NJ),2,
19,Merkley (D-OR),2,
19,Mikulski (D-MD),2,
19,Moran (R-KS),2,
19,Murkowski (R-AK),2,
19,Murphy (D-CT),2,
19,Murray (D-WA),2,
19,Nelson (D-FL),2,
19,Paul (R-KY),1,
19,Portman (R-OH),2,
19,Pryor (D-AR),2,
19,Reed (D-RI),2,
19,Reid (D-NV),2,
19,Risch (R-ID),1,
19,Roberts (R-KS),1,
19,Rockefeller (D-WV),2,
19,Rubio (R-FL),1,
19,Sanders (I-VT),2,
19,Schatz (D-HI),2,
19,Schumer (D-NY),2,
19,Scott (R-SC),1,
19,Sessions (R-AL),1,
19,Shaheen (D-NH),2,
19,Shelby (R-AL),2,
19,Stabenow (D-MI),2,
19,Tester (D-MT),2,
19,Thune (R-SD),1,
19,Toomey (R-PA),2,
19,Udall (D-CO),2,
19,Udall (D-NM),2,
19,Vitter (R-LA),2,
19,Warner (D-VA),2,
19,Warren (D-MA),2,
19,Whitehouse (D-RI),2,
19,Wicker (R-MS),2,
19,Wyden (D-OR),2,
280,Alexander (R-TN),2,
280,Ayotte (R-NH),2,
280,Baldwin (D-WI),1,
280,Barrasso (R-WY),2,
280,Begich (D-AK),2,
280,Bennet (D-CO),2,
280,Blumenthal (D-CT),1,
280,Blunt (R-MO),2,
280,Booker (D-NJ),1,
280,Boozman (R-AR),2,
280,Boxer (D-CA),1,
280,Brown (D-OH),1,
280,Burr (R-NC),2,
280,Cantwell (D-WA),1,
280,Cardin (D-MD),1,
280,Carper (D-DE),2,
280,Casey (D-PA),2,
280,Chambliss (R-GA),2,
280,Coats (R-IN),2,
280,Coburn (R-OK),2,
280,Cochran (R-MS),2,
280,Collins (R-ME),2,
280,Coons (D-DE),1,
280,Corker (R-TN),2,
280,Cornyn (R-TX),2,
280,Crapo (R-ID),2,
280,Cruz (R-TX),2,
280,Donnelly (D-IN),2,
280,Durbin (D-IL),1,
280,Enzi (R-WY),2,
280,Feinstein (D-CA),1,
280,Fischer (R-NE),2,
280,Flake (R-AZ),2,
280,Franken (D-MN),1,
280,Gillibrand (D-NY),1,
280,Graham (R-SC),2,
280,Grassley (R-IA),2,
280,Hagan (D-NC),2,
280,Harkin (D-IA),1,
280,Hatch (R-UT),2,
280,Heinrich (D-NM),1,
280,Heitkamp (D-ND),2,
280,Heller (R-NV),2,
280,Hirono (D-HI),1,
280,Hoeven (R-ND),2,
280,Inhofe (R-OK),2,
280,Isakson (R-GA),2,
280,Johanns (R-NE),2,
280,Johnson (D-SD),1,
280,Johnson (R-WI),2,
280,Kaine (D-VA),1,
280,King (I-ME),1,
280,Kirk (R-IL),2,
280,Klobuchar (D-MN),1,
280,Landrieu (D-LA),2,
280,Leahy (D-VT),1,
280,Lee (R-UT),2,
280,Levin (D-MI),1,
280,Manchin (D-WV),2,
280,Markey (D-MA),1,
280,McCain (R-AZ),2,
280,McCaskill (D-MO),2,
280,McConnell (R-KY),2,
280,Menendez (D-NJ),1,
280,Merkley (D-OR),1,
280,Mikulski (D-MD),1,
280,Moran (R-KS),2,
280,Murkowski (R-AK),2,
280,Murphy (D-CT),1,
280,Murray (D-WA),1,
280,Nelson (D-FL),1,
280,Paul (R-KY),2,
280,Portman (R-OH),2,
280,Pryor (D-AR),2,
280,Reed (D-RI),1,
280,Reid (D-NV),1,
280,Risch (R-ID),2,
280,Roberts (R-KS),2,
280,Rockefeller (D-WV),1,
280,Rubio (R-FL),2,
280,Sanders (I-VT),1,
280,Schatz (D-HI),1,
280,Schumer (D-NY),1,
280,Scott (R-SC),2,
280,Sessions (R-AL),2,
280,Shaheen (D-NH),1,
280,Shelby (R-AL),2,
280,Stabenow (D-MI),1,
280,Tester (D-MT),2,
280,Thune (R-SD),2,
280,Toomey (R-PA),2,
280,Udall (D-CO),1,
280,Udall (D-NM),1,
280,Vitter (R-LA),2,
280,Walsh (D-MT),2,
280,Warner (D-VA),2,
280,Warren (D-MA),1,
280,Whitehouse (D-RI),1,
280,Wicker (R-MS),2,
280,Wyden (D-OR),1,
231,Alexander (R-TN),0,
231,Ayotte (R-NH),2,
231,Baldwin (D-WI),2,
231,Barrasso (R-WY),2,
231,Begich (D-AK),2,
231,Bennet (D-CO),2,
231,Blumenthal (D-CT),2,
231,Blunt (R-MO),2,
231,Booker (D-NJ),2,
231,Boozman (R-AR),2,
231,Boxer (D-CA),2,
231,Brown (D-OH),2,
231,Burr (R-NC),2,
231,Cantwell (D-WA),2,
231,Cardin (D-MD),2,
231,Carper (D-DE),2,
231,Casey (D-PA),2,
231,Chambliss (R-GA),2,
231,Coats (R-IN),2,
231,Coburn (R-OK),1,
231,Cochran (R-MS),2,
231,Collins (R-ME),2,
231,Coons (D-DE),0,
231,Corker (R-TN),2,
231,Cornyn (R-TX),2,
231,Crapo (R-ID),2,
231,Cruz (R-TX),2,
231,Donnelly (D-IN),2,
231,Durbin (D-IL),2,
231,Enzi (R-WY),2,
231,Feinstein (D-CA),2,
231,Fischer (R-NE),2,
231,Flake (R-AZ),2,
231,Franken (D-MN),2,
231,Gillibrand (D-NY),2,
231,Graham (R-SC),2,
231,Grassley (R-IA),2,
231,Hagan (D-NC),2,
231,Harkin (D-IA),2,
231,Hatch (R-UT),2,
231,Heinrich (D-NM),2,
231,Heitkamp (D-ND),2,
231,Heller (R-NV),2,
231,Hirono (D-HI),2,
231,Hoeven (R-ND),2,
231,Inhofe (R-OK),2,
231,Isakson (R-GA),2,
231,Johanns (R-NE),2,
231,Johnson (D-SD),2,
231,Johnson (R-WI),2,
231,Kaine (D-VA),2,
231,King (I-ME),2,
231,Kirk (R-IL),2,
231,Klobuchar (D-MN),2,
231,Landrieu (D-LA),2,
231,Leahy (D-VT),2,
231,Lee (R-UT),2,
231,Levin (D-MI),2,
231,Manchin (D-WV),2,
231,Markey (D-MA),2,
231,McCain (R-AZ),2,
231,McCaskill (D-MO),2,
231,McConnell (R-KY),2,
231,Menendez (D-NJ),2,
231,Merkley (D-OR),2,
231,Mikulski (D-MD),2,
231,Moran (R-KS),2,
231,Murkowski (R-AK),2,
231,Murphy (D-CT),2,
231,Murray (D-WA),2,
231,Nelson (D-FL),2,
231,Paul (R-KY),2,
231,Portman (R-OH),2,
231,Pryor (D-AR),2,
231,Reed (D-RI),2,
231,Reid (D-NV),2,
231,Risch (R-ID),2,
231,Roberts (R-KS),1,
231,Rockefeller (D-WV),2,
231,Rubio (R-FL),1,
231,Sanders (I-VT),2,
231,Schatz (D-HI),0,
231,Schumer (D-NY),2,
231,Scott (R-SC),2,
231,Sessions (R-AL),1,
231,Shaheen (D-NH),2,
231,Shelby (R-AL),2,
231,Stabenow (D-MI),2,
231,Tester (D-MT),2,
231,Thune (R-SD),2,
231,Toomey (R-PA),2,
231,Udall (D-CO),2,
231,Udall (D-NM),2,
231,Vitter (R-LA),2,
231,Walsh (D-MT),2,
231,Warner (D-VA),2,
231,Warren (D-MA),2,
231,Whitehouse (D-RI),2,
231,Wicker (R-MS),2,
231,Wyden (D-OR),2,
19,Alexander (R-TN),1,
19,Ayotte (R-NH),1,
19,Baldwin (D-WI),2,
19,Barrasso (R-WY),1,
19,Baucus (D-MT),2,
19,Begich (D-AK),2,
19,Bennet (D-CO),2,
19,Blumenthal (D-CT),2,
19,Blunt (R-MO),2,
19,Booker (D-NJ),2,
19,Boozman (R-AR),1,
19,Boxer (D-CA),2,
19,Brown (D-OH),0,
19,Burr (R-NC),2,
19,Cantwell (D-WA),2,
19,Cardin (D-MD),2,
19,Carper (D-DE),1,
19,Casey (D-PA),2,
19,Chambliss (R-GA),2,
19,Coats (R-IN),1,
19,Coburn (R-OK),1,
19,Cochran (R-MS),2,
19,Collins (R-ME),2,
19,Coons (D-DE),2,
19,Corker (R-TN),1,
19,Cornyn (R-TX),1,
19,Crapo (R-ID),1,
19,Cruz (R-TX),1,
19,Donnelly (D-IN),2,
19,Durbin (D-IL),2,
19,Enzi (R-WY),1,
19,Feinstein (D-CA),2,
19,Fischer (R-NE),1,
19,Flake (R-AZ),1,
19,Franken (D-MN),2,
19,Gillibrand (D-NY),2,
19,Graham (R-SC),2,
19,Grassley (R-IA),1,
19,Hagan (D-NC),2,
19,Harkin (D-IA),2,
19,Hatch (R-UT),1,
19,Heinrich (D-NM),2,
19,Heitkamp (D-ND),2,
19,Heller (R-NV),1,
19,Hirono (D-HI),2,
19,Hoeven (R-ND),2,
19,Inhofe (R-OK),1,
19,Isakson (R-GA),2,
19,Johanns (R-NE),2,
19,Johnson (D-SD),2,
19,Johnson (R-WI),1,
19,Kaine (D-VA),2,
19,King (I-ME),2,
19,Kirk (R-IL),1,
19,Klobuchar (D-MN),2,
19,Landrieu (D-LA),2,
19,Leahy (D-VT),2,
19,Lee (R-UT),1,
19,Levin (D-MI),2,
19,Manchin (D-WV),2,
19,Markey (D-MA),2,
19,McCain (R-AZ),1,
19,McCaskill (D-MO),2,
19,McConnell (R-KY),1,
19,Menendez (D-NJ),2,
19,Merkley (D-OR),2,
19,Mikulski (D-MD),2,
19,Moran (R-KS),1,
19,Murkowski (R-AK),2,
19,Murphy (D-CT),2,
19,Murray (D-WA),2,
19,Nelson (D-FL),2,
19,Paul (R-KY),1,
19,Portman (R-OH),1,
19,Pryor (D-AR),2,
19,Reed (D-RI),2,
19,Reid (D-NV),2,
19,Risch (R-ID),1,
19,Roberts (R-KS),1,
19,Rockefeller (D-WV),2,
19,Rubio (R-FL),2,
19,Sanders (I-VT),2,
19,Schatz (D-HI),2,
19,Schumer (D-NY),2,
19,Scott (R-SC),2,
19,Sessions (R-AL),1,
19,Shaheen (D-NH),2,
19,Shelby (R-AL),1,
19,Stabenow (D-MI),2,
19,Tester (D-MT),2,
19,Thune (R-SD),1,
19,Toomey (R-PA),1,
19,Udall (D-CO),2,
19,Udall (D-NM),2,
19,Vitter (R-LA),2,
19,Warner (D-VA),2,
19,Warren (D-MA),2,
19,Whitehouse (D-RI),2,
19,Wicker (R-MS),2,
19,Wyden (D-OR),2,
62,Alexander (R-TN),2,
62,Ayotte (R-NH),2,
62,Baldwin (D-WI),2,
62,Barrasso (R-WY),2,
62,Begich (D-AK),2,
62,Bennet (D-CO),2,
62,Blumenthal (D-CT),2,
62,Blunt (R-MO),2,
62,Booker (D-NJ),2,
62,Boozman (R-AR),2,
62,Boxer (D-CA),2,
62,Brown (D-OH),2,
62,Burr (R-NC),2,
62,Cantwell (D-WA),2,
62,Cardin (D-MD),2,
62,Carper (D-DE),2,
62,Casey (D-PA),2,
62,Chambliss (R-GA),2,
62,Coats (R-IN),2,
62,Coburn (R-OK),2,
62,Cochran (R-MS),2,
62,Collins (R-ME),2,
62,Coons (D-DE),2,
62,Corker (R-TN),2,
62,Cornyn (R-TX),2,
62,Crapo (R-ID),2,
62,Cruz (R-TX),2,
62,Donnelly (D-IN),2,
62,Durbin (D-IL),2,
62,Enzi (R-WY),2,
62,Feinstein (D-CA),2,
62,Fischer (R-NE),2,
62,Flake (R-AZ),2,
62,Franken (D-MN),2,
62,Gillibrand (D-NY),2,
62,Graham (R-SC),2,
62,Grassley (R-IA),2,
62,Hagan (D-NC),2,
62,Harkin (D-IA),0,
62,Hatch (R-UT),2,
62,Heinrich (D-NM),2,
62,Heitkamp (D-ND),2,
62,Heller (R-NV),2,
62,Hirono (D-HI),2,
62,Hoeven (R-ND),2,
62,Inhofe (R-OK),2,
62,Isakson (R-GA),2,
62,Johanns (R-NE),2,
62,Johnson (D-SD),2,
62,Johnson (R-WI),2,
62,Kaine (D-VA),2,
62,King (I-ME),2,
62,Kirk (R-IL),0,
62,Klobuchar (D-MN),2,
62,Landrieu (D-LA),2,
62,Leahy (D-VT),2,
62,Lee (R-UT),2,
62,Levin (D-MI),2,
62,Manchin (D-WV),2,
62,Markey (D-MA),2,
62,McCain (R-AZ),0,
62,McCaskill (D-MO),2,
62,McConnell (R-KY),2,
62,Menendez (D-NJ),2,
62,Merkley (D-OR),2,
62,Mikulski (D-MD),2,
62,Moran (R-KS),2,
62,Murkowski (R-AK),2,
62,Murphy (D-CT),2,
62,Murray (D-WA),2,
62,Nelson (D-FL),2,
62,Paul (R-KY),2,
62,Portman (R-OH),2,
62,Pryor (D-AR),2,
62,Reed (D-RI),2,
62,Reid (D-NV),2,
62,Risch (R-ID),2,
62,Roberts (R-KS),2,
62,Rockefeller (D-WV),2,
62,Rubio (R-FL),2,
62,Sanders (I-VT),2,
62,Schatz (D-HI),2,
62,Schumer (D-NY),2,
62,Scott (R-SC),2,
62,Sessions (R-AL),2,
62,Shaheen (D-NH),2,
62,Shelby (R-AL),2,
62,Stabenow (D-MI),2,
62,Tester (D-MT),2,
62,Thune (R-SD),2,
62,Toomey (R-PA),2,
62,Udall (D-CO),2,
62,Udall (D-NM),2,
62,Vitter (R-LA),2,
62,Walsh (D-MT),2,
62,Warner (D-VA),2,
62,Warren (D-MA),2,
62,Whitehouse (D-RI),2,
62,Wicker (R-MS),2,
62,Wyden (D-OR),2,
77,Alexander (R-TN),2,
77,Ayotte (R-NH),2,
77,Baldwin (D-WI),2,
77,Barrasso (R-WY),2,
77,Begich (D-AK),2,
77,Bennet (D-CO),2,
77,Blumenthal (D-CT),2,
77,Blunt (R-MO),2,
77,Booker (D-NJ),2,
77,Boozman (R-AR),2,
77,Boxer (D-CA),2,
77,Brown (D-OH),2,
77,Burr (R-NC),2,
77,Cantwell (D-WA),2,
77,Cardin (D-MD),2,
77,Carper (D-DE),2,
77,Casey (D-PA),2,
77,Chambliss (R-GA),2,
77,Coats (R-IN),2,
77,Coburn (R-OK),1,
77,Cochran (R-MS),2,
77,Collins (R-ME),2,
77,Coons (D-DE),2,
77,Corker (R-TN),2,
77,Cornyn (R-TX),2,
77,Crapo (R-ID),2,
77,Cruz (R-TX),2,
77,Donnelly (D-IN),2,
77,Durbin (D-IL),2,
77,Enzi (R-WY),2,
77,Feinstein (D-CA),2,
77,Fischer (R-NE),2,
77,Flake (R-AZ),2,
77,Franken (D-MN),2,
77,Gillibrand (D-NY),2,
77,Graham (R-SC),2,
77,Grassley (R-IA),2,
77,Hagan (D-NC),2,
77,Harkin (D-IA),2,
77,Hatch (R-UT),2,
77,Heinrich (D-NM),2,
77,Heitkamp (D-ND),2,
77,Heller (R-NV),2,
77,Hirono (D-HI),2,
77,Hoeven (R-ND),2,
77,Inhofe (R-OK),0,
77,Isakson (R-GA),2,
77,Johanns (R-NE),2,
77,Johnson (D-SD),2,
77,Johnson (R-WI),2,
77,Kaine (D-VA),2,
77,King (I-ME),2,
77,Kirk (R-IL),2,
77,Klobuchar (D-MN),2,
77,Landrieu (D-LA),2,
77,Leahy (D-VT),2,
77,Lee (R-UT),1,
77,Levin (D-MI),2,
77,Manchin (D-WV),2,
77,Markey (D-MA),2,
77,McCain (R-AZ),2,
77,McCaskill (D-MO),2,
77,McConnell (R-KY),2,
77,Menendez (D-NJ),2,
77,Merkley (D-OR),2,
77,Mikulski (D-MD),2,
77,Moran (R-KS),0,
77,Murkowski (R-AK),2,
77,Murphy (D-CT),2,
77,Murray (D-WA),2,
77,Nelson (D-FL),2,
77,Paul (R-KY),2,
77,Portman (R-OH),2,
77,Pryor (D-AR),2,
77,Reed (D-RI),2,
77,Reid (D-NV),2,
77,Risch (R-ID),2,
77,Roberts (R-KS),2,
77,Rockefeller (D-WV),2,
77,Rubio (R-FL),2,
77,Sanders (I-VT),2,
77,Schatz (D-HI),2,
77,Schumer (D-NY),2,
77,Scott (R-SC),2,
77,Sessions (R-AL),2,
77,Shaheen (D-NH),2,
77,Shelby (R-AL),2,
77,Stabenow (D-MI),2,
77,Tester (D-MT),2,
77,Thune (R-SD),2,
77,Toomey (R-PA),2,
77,Udall (D-CO),2,
77,Udall (D-NM),2,
77,Vitter (R-LA),2,
77,Walsh (D-MT),2,
77,Warner (D-VA),2,
77,Warren (D-MA),2,
77,Whitehouse (D-RI),2,
77,Wicker (R-MS),2,
77,Wyden (D-OR),2,
44,Alexander (R-TN),2,
44,Ayotte (R-NH),1,
44,Baldwin (D-WI),2,
44,Barrasso (R-WY),2,
44,Baucus (D-MT),2,
44,Begich (D-AK),2,
44,Bennet (D-CO),2,
44,Blumenthal (D-CT),2,
44,Blunt (R-MO),2,
44,Boozman (R-AR),2,
44,Boxer (D-CA),2,
44,Brown (D-OH),2,
44,Burr (R-NC),1,
44,Cantwell (D-WA),2,
44,Cardin (D-MD),2,
44,Carper (D-DE),2,
44,Casey (D-PA),2,
44,Chambliss (R-GA),2,
44,Coats (R-IN),2,
44,Coburn (R-OK),1,
44,Cochran (R-MS),2,
44,Collins (R-ME),2,
44,Coons (D-DE),2,
44,Corker (R-TN),2,
44,Cornyn (R-TX),2,
44,Cowan (D-MA),2,
44,Crapo (R-ID),1,
44,Cruz (R-TX),1,
44,Donnelly (D-IN),2,
44,Durbin (D-IL),2,
44,Enzi (R-WY),1,
44,Feinstein (D-CA),2,
44,Fischer (R-NE),1,
44,Flake (R-AZ),1,
44,Franken (D-MN),2,
44,Gillibrand (D-NY),2,
44,Graham (R-SC),1,
44,Grassley (R-IA),1,
44,Hagan (D-NC),2,
44,Harkin (D-IA),2,
44,Hatch (R-UT),2,
44,Heinrich (D-NM),2,
44,Heitkamp (D-ND),2,
44,Heller (R-NV),1,
44,Hirono (D-HI),2,
44,Hoeven (R-ND),2,
44,Inhofe (R-OK),1,
44,Isakson (R-GA),2,
44,Johanns (R-NE),2,
44,Johnson (D-SD),2,
44,Johnson (R-WI),1,
44,Kaine (D-VA),2,
44,King (I-ME),2,
44,Kirk (R-IL),1,
44,Klobuchar (D-MN),2,
44,Landrieu (D-LA),2,
44,Lautenberg (D-NJ),0,
44,Leahy (D-VT),2,
44,Lee (R-UT),1,
44,Levin (D-MI),2,
44,Manchin (D-WV),2,
44,McCain (R-AZ),1,
44,McCaskill (D-MO),2,
44,McConnell (R-KY),2,
44,Menendez (D-NJ),2,
44,Merkley (D-OR),2,
44,Mikulski (D-MD),2,
44,Moran (R-KS),1,
44,Murkowski (R-AK),2,
44,Murphy (D-CT),2,
44,Murray (D-WA),2,
44,Nelson (D-FL),2,
44,Paul (R-KY),1,
44,Portman (R-OH),1,
44,Pryor (D-AR),2,
44,Reed (D-RI),2,
44,Reid (D-NV),2,
44,Risch (R-ID),1,
44,Roberts (R-KS),1,
44,Rockefeller (D-WV),2,
44,Rubio (R-FL),1,
44,Sanders (I-VT),2,
44,Schatz (D-HI),2,
44,Schumer (D-NY),2,
44,Scott (R-SC),1,
44,Sessions (R-AL),2,
44,Shaheen (D-NH),2,
44,Shelby (R-AL),2,
44,Stabenow (D-MI),2,
44,Tester (D-MT),1,
44,Thune (R-SD),2,
44,Toomey (R-PA),1,
44,Udall (D-CO),2,
44,Udall (D-NM),2,
44,Vitter (R-LA),1,
44,Warner (D-VA),2,
44,Warren (D-MA),2,
44,Whitehouse (D-RI),2,
44,Wicker (R-MS),2,
44,Wyden (D-OR),2,
214,Alexander (R-TN),2,
214,Ayotte (R-NH),2,
214,Baldwin (D-WI),2,
214,Barrasso (R-WY),2,
214,Begich (D-AK),2,
214,Bennet (D-CO),2,
214,Blumenthal (D-CT),2,
214,Blunt (R-MO),2,
214,Booker (D-NJ),2,
214,Boozman (R-AR),2,
214,Boxer (D-CA),2,
214,Brown (D-OH),2,
214,Burr (R-NC),2,
214,Cantwell (D-WA),2,
214,Cardin (D-MD),2,
214,Carper (D-DE),2,
214,Casey (D-PA),2,
214,Chambliss (R-GA),2,
214,Coats (R-IN),2,
214,Coburn (R-OK),1,
214,Cochran (R-MS),0,
214,Collins (R-ME),2,
214,Coons (D-DE),2,
214,Corker (R-TN),2,
214,Cornyn (R-TX),2,
214,Crapo (R-ID),2,
214,Cruz (R-TX),2,
214,Donnelly (D-IN),2,
214,Durbin (D-IL),2,
214,Enzi (R-WY),2,
214,Feinstein (D-CA),2,
214,Fischer (R-NE),2,
214,Flake (R-AZ),2,
214,Franken (D-MN),2,
214,Gillibrand (D-NY),2,
214,Graham (R-SC),2,
214,Grassley (R-IA),2,
214,Hagan (D-NC),2,
214,Harkin (D-IA),2,
214,Hatch (R-UT),2,
214,Heinrich (D-NM),2,
214,Heitkamp (D-ND),2,
214,Heller (R-NV),2,
214,Hirono (D-HI),2,
214,Hoeven (R-ND),2,
214,Inhofe (R-OK),2,
214,Isakson (R-GA),2,
214,Johanns (R-NE),0,
214,Johnson (D-SD),2,
214,Johnson (R-WI),1,
214,Kaine (D-VA),2,
214,King (I-ME),2,
214,Kirk (R-IL),2,
214,Klobuchar (D-MN),2,
214,Landrieu (D-LA),2,
214,Leahy (D-VT),2,
214,Lee (R-UT),1,
214,Levin (D-MI),2,
214,Manchin (D-WV),2,
214,Markey (D-MA),2,
214,McCain (R-AZ),2,
214,McCaskill (D-MO),2,
214,McConnell (R-KY),2,
214,Menendez (D-NJ),2,
214,Merkley (D-OR),2,
214,Mikulski (D-MD),2,
214,Moran (R-KS),2,
214,Murkowski (R-AK),2,
214,Murphy (D-CT),2,
214,Murray (D-WA),2,
214,Nelson (D-FL),2,
214,Paul (R-KY),2,
214,Portman (R-OH),2,
214,Pryor (D-AR),2,
214,Reed (D-RI),2,
214,Reid (D-NV),2,
214,Risch (R-ID),2,
214,Roberts (R-KS),2,
214,Rockefeller (D-WV),2,
214,Rubio (R-FL),2,
214,Sanders (I-VT),2,
214,Schatz (D-HI),2,
214,Schumer (D-NY),2,
214,Scott (R-SC),2,
214,Sessions (R-AL),2,
214,Shaheen (D-NH),2,
214,Shelby (R-AL),2,
214,Stabenow (D-MI),2,
214,Tester (D-MT),2,
214,Thune (R-SD),2,
214,Toomey (R-PA),2,
214,Udall (D-CO),2,
214,Udall (D-NM),2,
214,Vitter (R-LA),2,
214,Walsh (D-MT),2,
214,Warner (D-VA),2,
214,Warren (D-MA),2,
214,Whitehouse (D-RI),2,
214,Wicker (R-MS),2,
214,Wyden (D-OR),2,
364,Alexander (R-TN),2,
364,Ayotte (R-NH),2,
364,Baldwin (D-WI),2,
364,Barrasso (R-WY),2,
364,Begich (D-AK),2,
364,Bennet (D-CO),1,
364,Blumenthal (D-CT),2,
364,Blunt (R-MO),2,
364,Booker (D-NJ),2,
364,Boozman (R-AR),2,
364,Boxer (D-CA),0,
364,Brown (D-OH),1,
364,Burr (R-NC),2,
364,Cantwell (D-WA),2,
364,Cardin (D-MD),2,
364,Carper (D-DE),2,
364,Casey (D-PA),2,
364,Chambliss (R-GA),0,
364,Coats (R-IN),1,
364,Coburn (R-OK),1,
364,Cochran (R-MS),0,
364,Collins (R-ME),2,
364,Coons (D-DE),2,
364,Corker (R-TN),2,
364,Cornyn (R-TX),2,
364,Crapo (R-ID),1,
364,Cruz (R-TX),2,
364,Donnelly (D-IN),2,
364,Durbin (D-IL),2,
364,Enzi (R-WY),2,
364,Feinstein (D-CA),2,
364,Fischer (R-NE),2,
364,Flake (R-AZ),1,
364,Franken (D-MN),2,
364,Gillibrand (D-NY),2,
364,Graham (R-SC),2,
364,Grassley (R-IA),2,
364,Hagan (D-NC),2,
364,Harkin (D-IA),2,
364,Hatch (R-UT),2,
364,Heinrich (D-NM),2,
364,Heitkamp (D-ND),2,
364,Heller (R-NV),2,
364,Hirono (D-HI),2,
364,Hoeven (R-ND),2,
364,Inhofe (R-OK),2,
364,Isakson (R-GA),2,
364,Johanns (R-NE),0,
364,Johnson (D-SD),2,
364,Johnson (R-WI),2,
364,Kaine (D-VA),2,
364,King (I-ME),2,
364,Kirk (R-IL),0,
364,Klobuchar (D-MN),2,
364,Landrieu (D-LA),2,
364,Leahy (D-VT),1,
364,Lee (R-UT),0,
364,Levin (D-MI),2,
364,Manchin (D-WV),1,
364,Markey (D-MA),2,
364,McCain (R-AZ),2,
364,McCaskill (D-MO),2,
364,McConnell (R-KY),2,
364,Menendez (D-NJ),2,
364,Merkley (D-OR),1,
364,Mikulski (D-MD),2,
364,Moran (R-KS),2,
364,Murkowski (R-AK),2,
364,Murphy (D-CT),2,
364,Murray (D-WA),2,
364,Nelson (D-FL),2,
364,Paul (R-KY),2,
364,Portman (R-OH),1,
364,Pryor (D-AR),2,
364,Reed (D-RI),2,
364,Reid (D-NV),2,
364,Risch (R-ID),1,
364,Roberts (R-KS),2,
364,Rockefeller (D-WV),2,
364,Rubio (R-FL),2,
364,Sanders (I-VT),0,
364,Schatz (D-HI),2,
364,Schumer (D-NY),2,
364,Scott (R-SC),1,
364,Sessions (R-AL),0,
364,Shaheen (D-NH),2,
364,Shelby (R-AL),2,
364,Stabenow (D-MI),2,
364,Tester (D-MT),2,
364,Thune (R-SD),2,
364,Toomey (R-PA),1,
364,Udall (D-CO),2,
364,Udall (D-NM),2,
364,Vitter (R-LA),2,
364,Walsh (D-MT),2,
364,Warner (D-VA),2,
364,Warren (D-MA),1,
364,Whitehouse (D-RI),1,
364,Wicker (R-MS),2,
364,Wyden (D-OR),1,
203,Alexander (R-TN),2,
203,Ayotte (R-NH),2,
203,Baldwin (D-WI),2,
203,Barrasso (R-WY),2,
203,Baucus (D-MT),2,
203,Begich (D-AK),2,
203,Bennet (D-CO),2,
203,Blumenthal (D-CT),2,
203,Blunt (R-MO),2,
203,Boozman (R-AR),2,
203,Boxer (D-CA),2,
203,Brown (D-OH),2,
203,Burr (R-NC),2,
203,Cantwell (D-WA),2,
203,Cardin (D-MD),2,
203,Carper (D-DE),2,
203,Casey (D-PA),2,
203,Chambliss (R-GA),2,
203,Chiesa (R-NJ),2,
203,Coats (R-IN),2,
203,Coburn (R-OK),2,
203,Cochran (R-MS),2,
203,Collins (R-ME),2,
203,Coons (D-DE),2,
203,Corker (R-TN),2,
203,Cornyn (R-TX),2,
203,Crapo (R-ID),2,
203,Cruz (R-TX),1,
203,Donnelly (D-IN),2,
203,Durbin (D-IL),2,
203,Enzi (R-WY),2,
203,Feinstein (D-CA),2,
203,Fischer (R-NE),2,
203,Flake (R-AZ),2,
203,Franken (D-MN),2,
203,Gillibrand (D-NY),2,
203,Graham (R-SC),2,
203,Grassley (R-IA),2,
203,Hagan (D-NC),2,
203,Harkin (D-IA),2,
203,Hatch (R-UT),2,
203,Heinrich (D-NM),2,
203,Heitkamp (D-ND),2,
203,Heller (R-NV),2,
203,Hirono (D-HI),2,
203,Hoeven (R-ND),2,
203,Inhofe (R-OK),2,
203,Isakson (R-GA),2,
203,Johanns (R-NE),2,
203,Johnson (D-SD),2,
203,Johnson (R-WI),2,
203,Kaine (D-VA),2,
203,King (I-ME),2,
203,Kirk (R-IL),2,
203,Klobuchar (D-MN),2,
203,Landrieu (D-LA),2,
203,Leahy (D-VT),2,
203,Lee (R-UT),2,
203,Levin (D-MI),2,
203,Manchin (D-WV),2,
203,Markey (D-MA),2,
203,McCain (R-AZ),2,
203,McCaskill (D-MO),2,
203,McConnell (R-KY),2,
203,Menendez (D-NJ),2,
203,Merkley (D-OR),2,
203,Mikulski (D-MD),2,
203,Moran (R-KS),2,
203,Murkowski (R-AK),2,
203,Murphy (D-CT),2,
203,Murray (D-WA),2,
203,Nelson (D-FL),2,
203,Paul (R-KY),2,
203,Portman (R-OH),2,
203,Pryor (D-AR),2,
203,Reed (D-RI),2,
203,Reid (D-NV),2,
203,Risch (R-ID),2,
203,Roberts (R-KS),2,
203,Rockefeller (D-WV),2,
203,Rubio (R-FL),0,
203,Sanders (I-VT),2,
203,Schatz (D-HI),2,
203,Schumer (D-NY),2,
203,Scott (R-SC),2,
203,Sessions (R-AL),1,
203,Shaheen (D-NH),2,
203,Shelby (R-AL),2,
203,Stabenow (D-MI),2,
203,Tester (D-MT),2,
203,Thune (R-SD),2,
203,Toomey (R-PA),2,
203,Udall (D-CO),2,
203,Udall (D-NM),2,
203,Vitter (R-LA),2,
203,Warner (D-VA),2,
203,Warren (D-MA),2,
203,Whitehouse (D-RI),2,
203,Wicker (R-MS),2,
203,Wyden (D-OR),2,
248,Alexander (R-TN),0,
248,Ayotte (R-NH),2,
248,Baldwin (D-WI),2,
248,Barrasso (R-WY),2,
248,Begich (D-AK),2,
248,Bennet (D-CO),2,
248,Blumenthal (D-CT),2,
248,Blunt (R-MO),2,
248,Booker (D-NJ),2,
248,Boozman (R-AR),2,
248,Boxer (D-CA),2,
248,Brown (D-OH),2,
248,Burr (R-NC),1,
248,Cantwell (D-WA),2,
248,Cardin (D-MD),2,
248,Carper (D-DE),2,
248,Casey (D-PA),2,
248,Chambliss (R-GA),2,
248,Coats (R-IN),2,
248,Coburn (R-OK),1,
248,Cochran (R-MS),2,
248,Collins (R-ME),2,
248,Coons (D-DE),2,
248,Corker (R-TN),2,
248,Cornyn (R-TX),1,
248,Crapo (R-ID),1,
248,Cruz (R-TX),1,
248,Donnelly (D-IN),2,
248,Durbin (D-IL),2,
248,Enzi (R-WY),2,
248,Feinstein (D-CA),2,
248,Fischer (R-NE),2,
248,Flake (R-AZ),1,
248,Franken (D-MN),2,
248,Gillibrand (D-NY),2,
248,Graham (R-SC),2,
248,Grassley (R-IA),2,
248,Hagan (D-NC),2,
248,Harkin (D-IA),2,
248,Hatch (R-UT),1,
248,Heinrich (D-NM),2,
248,Heitkamp (D-ND),2,
248,Heller (R-NV),2,
248,Hirono (D-HI),2,
248,Hoeven (R-ND),2,
248,Inhofe (R-OK),2,
248,Isakson (R-GA),2,
248,Johanns (R-NE),2,
248,Johnson (D-SD),2,
248,Johnson (R-WI),1,
248,Kaine (D-VA),2,
248,King (I-ME),2,
248,Kirk (R-IL),2,
248,Klobuchar (D-MN),2,
248,Landrieu (D-LA),2,
248,Leahy (D-VT),2,
248,Lee (R-UT),1,
248,Levin (D-MI),2,
248,Manchin (D-WV),2,
248,Markey (D-MA),2,
248,McCain (R-AZ),1,
248,McCaskill (D-MO),2,
248,McConnell (R-KY),2,
248,Menendez (D-NJ),2,
248,Merkley (D-OR),2,
248,Mikulski (D-MD),2,
248,Moran (R-KS),2,
248,Murkowski (R-AK),2,
248,Murphy (D-CT),2,
248,Murray (D-WA),2,
248,Nelson (D-FL),2,
248,Paul (R-KY),1,
248,Portman (R-OH),1,
248,Pryor (D-AR),2,
248,Reed (D-RI),2,
248,Reid (D-NV),2,
248,Risch (R-ID),1,
248,Roberts (R-KS),0,
248,Rockefeller (D-WV),2,
248,Rubio (R-FL),1,
248,Sanders (I-VT),2,
248,Schatz (D-HI),0,
248,Schumer (D-NY),2,
248,Scott (R-SC),1,
248,Sessions (R-AL),1,
248,Shaheen (D-NH),2,
248,Shelby (R-AL),1,
248,Stabenow (D-MI),2,
248,Tester (D-MT),2,
248,Thune (R-SD),2,
248,Toomey (R-PA),1,
248,Udall (D-CO),2,
248,Udall (D-NM),2,
248,Vitter (R-LA),2,
248,Walsh (D-MT),2,
248,Warner (D-VA),2,
248,Warren (D-MA),2,
248,Whitehouse (D-RI),2,
248,Wicker (R-MS),2,
248,Wyden (D-OR),2,
93,Alexander (R-TN),1,
93,Ayotte (R-NH),2,
93,Baldwin (D-WI),1,
93,Barrasso (R-WY),1,
93,Begich (D-AK),2,
93,Bennet (D-CO),2,
93,Blumenthal (D-CT),2,
93,Blunt (R-MO),2,
93,Booker (D-NJ),2,
93,Boozman (R-AR),1,
93,Boxer (D-CA),2,
93,Brown (D-OH),2,
93,Burr (R-NC),2,
93,Cantwell (D-WA),2,
93,Cardin (D-MD),2,
93,Carper (D-DE),1,
93,Casey (D-PA),2,
93,Chambliss (R-GA),2,
93,Coats (R-IN),1,
93,Coburn (R-OK),1,
93,Cochran (R-MS),2,
93,Collins (R-ME),2,
93,Coons (D-DE),2,
93,Corker (R-TN),1,
93,Cornyn (R-TX),2,
93,Crapo (R-ID),1,
93,Cruz (R-TX),1,
93,Donnelly (D-IN),2,
93,Durbin (D-IL),2,
93,Enzi (R-WY),1,
93,Feinstein (D-CA),2,
93,Fischer (R-NE),1,
93,Flake (R-AZ),1,
93,Franken (D-MN),1,
93,Gillibrand (D-NY),2,
93,Graham (R-SC),1,
93,Grassley (R-IA),1,
93,Hagan (D-NC),2,
93,Harkin (D-IA),2,
93,Hatch (R-UT),2,
93,Heinrich (D-NM),2,
93,Heitkamp (D-ND),0,
93,Heller (R-NV),2,
93,Hirono (D-HI),2,
93,Hoeven (R-ND),2,
93,Inhofe (R-OK),1,
93,Isakson (R-GA),2,
93,Johanns (R-NE),1,
93,Johnson (D-SD),2,
93,Johnson (R-WI),1,
93,Kaine (D-VA),2,
93,King (I-ME),2,
93,Kirk (R-IL),2,
93,Klobuchar (D-MN),1,
93,Landrieu (D-LA),2,
93,Leahy (D-VT),2,
93,Lee (R-UT),1,
93,Levin (D-MI),2,
93,Manchin (D-WV),2,
93,Markey (D-MA),2,
93,McCain (R-AZ),1,
93,McCaskill (D-MO),2,
93,McConnell (R-KY),2,
93,Menendez (D-NJ),2,
93,Merkley (D-OR),2,
93,Mikulski (D-MD),2,
93,Moran (R-KS),1,
93,Murkowski (R-AK),2,
93,Murphy (D-CT),2,
93,Murray (D-WA),2,
93,Nelson (D-FL),2,
93,Paul (R-KY),1,
93,Portman (R-OH),1,
93,Pryor (D-AR),2,
93,Reed (D-RI),2,
93,Reid (D-NV),2,
93,Risch (R-ID),1,
93,Roberts (R-KS),1,
93,Rockefeller (D-WV),2,
93,Rubio (R-FL),1,
93,Sanders (I-VT),2,
93,Schatz (D-HI),2,
93,Schumer (D-NY),2,
93,Scott (R-SC),1,
93,Sessions (R-AL),1,
93,Shaheen (D-NH),2,
93,Shelby (R-AL),1,
93,Stabenow (D-MI),2,
93,Tester (D-MT),2,
93,Thune (R-SD),1,
93,Toomey (R-PA),1,
93,Udall (D-CO),2,
93,Udall (D-NM),2,
93,Vitter (R-LA),2,
93,Walsh (D-MT),2,
93,Warner (D-VA),1,
93,Warren (D-MA),2,
93,Whitehouse (D-RI),2,
93,Wicker (R-MS),2,
93,Wyden (D-OR),1,
101,Alexander (R-TN),1,
101,Ayotte (R-NH),2,
101,Baldwin (D-WI),2,
101,Barrasso (R-WY),1,
101,Begich (D-AK),2,
101,Bennet (D-CO),2,
101,Blumenthal (D-CT),2,
101,Blunt (R-MO),1,
101,Booker (D-NJ),2,
101,Boozman (R-AR),1,
101,Boxer (D-CA),2,
101,Brown (D-OH),2,
101,Burr (R-NC),1,
101,Cantwell (D-WA),2,
101,Cardin (D-MD),2,
101,Carper (D-DE),2,
101,Casey (D-PA),2,
101,Chambliss (R-GA),1,
101,Coats (R-IN),1,
101,Coburn (R-OK),0,
101,Cochran (R-MS),1,
101,Collins (R-ME),2,
101,Coons (D-DE),2,
101,Corker (R-TN),1,
101,Cornyn (R-TX),1,
101,Crapo (R-ID),1,
101,Cruz (R-TX),1,
101,Donnelly (D-IN),2,
101,Durbin (D-IL),2,
101,Enzi (R-WY),1,
101,Feinstein (D-CA),2,
101,Fischer (R-NE),1,
101,Flake (R-AZ),1,
101,Franken (D-MN),2,
101,Gillibrand (D-NY),2,
101,Graham (R-SC),1,
101,Grassley (R-IA),1,
101,Hagan (D-NC),2,
101,Harkin (D-IA),2,
101,Hatch (R-UT),1,
101,Heinrich (D-NM),2,
101,Heitkamp (D-ND),2,
101,Heller (R-NV),2,
101,Hirono (D-HI),2,
101,Hoeven (R-ND),1,
101,Inhofe (R-OK),1,
101,Isakson (R-GA),1,
101,Johanns (R-NE),1,
101,Johnson (D-SD),2,
101,Johnson (R-WI),1,
101,Kaine (D-VA),2,
101,King (I-ME),2,
101,Kirk (R-IL),2,
101,Klobuchar (D-MN),2,
101,Landrieu (D-LA),0,
101,Leahy (D-VT),2,
101,Lee (R-UT),1,
101,Levin (D-MI),2,
101,Manchin (D-WV),2,
101,Markey (D-MA),2,
101,McCain (R-AZ),1,
101,McCaskill (D-MO),0,
101,McConnell (R-KY),1,
101,Menendez (D-NJ),2,
101,Merkley (D-OR),2,
101,Mikulski (D-MD),2,
101,Moran (R-KS),1,
101,Murkowski (R-AK),2,
101,Murphy (D-CT),2,
101,Murray (D-WA),2,
101,Nelson (D-FL),2,
101,Paul (R-KY),1,
101,Portman (R-OH),2,
101,Pryor (D-AR),2,
101,Reed (D-RI),2,
101,Reid (D-NV),2,
101,Risch (R-ID),1,
101,Roberts (R-KS),1,
101,Rockefeller (D-WV),2,
101,Rubio (R-FL),1,
101,Sanders (I-VT),2,
101,Schatz (D-HI),2,
101,Schumer (D-NY),2,
101,Scott (R-SC),1,
101,Sessions (R-AL),1,
101,Shaheen (D-NH),2,
101,Shelby (R-AL),1,
101,Stabenow (D-MI),2,
101,Tester (D-MT),2,
101,Thune (R-SD),1,
101,Toomey (R-PA),1,
101,Udall (D-CO),2,
101,Udall (D-NM),2,
101,Vitter (R-LA),1,
101,Walsh (D-MT),2,
101,Warner (D-VA),2,
101,Warren (D-MA),2,
101,Whitehouse (D-RI),2,
101,Wicker (R-MS),1,
101,Wyden (D-OR),2,
78,Alexander (R-TN),1,
78,Ayotte (R-NH),2,
78,Baldwin (D-WI),2,
78,Barrasso (R-WY),1,
78,Begich (D-AK),2,
78,Bennet (D-CO),2,
78,Blumenthal (D-CT),2,
78,Blunt (R-MO),2,
78,Booker (D-NJ),2,
78,Boozman (R-AR),1,
78,Boxer (D-CA),0,
78,Brown (D-OH),2,
78,Burr (R-NC),2,
78,Cantwell (D-WA),2,
78,Cardin (D-MD),2,
78,Carper (D-DE),1,
78,Casey (D-PA),2,
78,Chambliss (R-GA),2,
78,Coats (R-IN),2,
78,Coburn (R-OK),1,
78,Cochran (R-MS),2,
78,Collins (R-ME),2,
78,Coons (D-DE),2,
78,Corker (R-TN),1,
78,Cornyn (R-TX),1,
78,Crapo (R-ID),1,
78,Cruz (R-TX),2,
78,Donnelly (D-IN),2,
78,Durbin (D-IL),2,
78,Enzi (R-WY),1,
78,Feinstein (D-CA),2,
78,Fischer (R-NE),1,
78,Flake (R-AZ),1,
78,Franken (D-MN),2,
78,Gillibrand (D-NY),2,
78,Graham (R-SC),2,
78,Grassley (R-IA),2,
78,Hagan (D-NC),2,
78,Harkin (D-IA),2,
78,Hatch (R-UT),1,
78,Heinrich (D-NM),2,
78,Heitkamp (D-ND),2,
78,Heller (R-NV),0,
78,Hirono (D-HI),2,
78,Hoeven (R-ND),2,
78,Inhofe (R-OK),0,
78,Isakson (R-GA),2,
78,Johanns (R-NE),1,
78,Johnson (D-SD),1,
78,Johnson (R-WI),1,
78,Kaine (D-VA),2,
78,King (I-ME),2,
78,Kirk (R-IL),2,
78,Klobuchar (D-MN),2,
78,Landrieu (D-LA),2,
78,Leahy (D-VT),2,
78,Lee (R-UT),1,
78,Levin (D-MI),2,
78,Manchin (D-WV),2,
78,Markey (D-MA),2,
78,McCain (R-AZ),1,
78,McCaskill (D-MO),0,
78,McConnell (R-KY),1,
78,Menendez (D-NJ),2,
78,Merkley (D-OR),2,
78,Mikulski (D-MD),2,
78,Moran (R-KS),0,
78,Murkowski (R-AK),2,
78,Murphy (D-CT),2,
78,Murray (D-WA),2,
78,Nelson (D-FL),2,
78,Paul (R-KY),0,
78,Portman (R-OH),2,
78,Pryor (D-AR),2,
78,Reed (D-RI),2,
78,Reid (D-NV),2,
78,Risch (R-ID),1,
78,Roberts (R-KS),1,
78,Rockefeller (D-WV),2,
78,Rubio (R-FL),2,
78,Sanders (I-VT),2,
78,Schatz (D-HI),2,
78,Schumer (D-NY),2,
78,Scott (R-SC),2,
78,Sessions (R-AL),2,
78,Shaheen (D-NH),2,
78,Shelby (R-AL),1,
78,Stabenow (D-MI),2,
78,Tester (D-MT),2,
78,Thune (R-SD),1,
78,Toomey (R-PA),2,
78,Udall (D-CO),2,
78,Udall (D-NM),2,
78,Vitter (R-LA),2,
78,Walsh (D-MT),2,
78,Warner (D-VA),2,
78,Warren (D-MA),2,
78,Whitehouse (D-RI),2,
78,Wicker (R-MS),2,
78,Wyden (D-OR),2,
11,Alexander (R-TN),1,
11,Ayotte (R-NH),2,
11,Baldwin (D-WI),2,
11,Barrasso (R-WY),1,
11,Baucus (D-MT),2,
11,Begich (D-AK),2,
11,Bennet (D-CO),2,
11,Blumenthal (D-CT),2,
11,Blunt (R-MO),2,
11,Boozman (R-AR),1,
11,Boxer (D-CA),2,
11,Brown (D-OH),2,
11,Burr (R-NC),1,
11,Cantwell (D-WA),2,
11,Cardin (D-MD),2,
11,Carper (D-DE),2,
11,Casey (D-PA),2,
11,Chambliss (R-GA),1,
11,Coats (R-IN),1,
11,Coburn (R-OK),1,
11,Cochran (R-MS),2,
11,Collins (R-ME),2,
11,Coons (D-DE),2,
11,Corker (R-TN),1,
11,Cornyn (R-TX),1,
11,Crapo (R-ID),1,
11,Cruz (R-TX),1,
11,Donnelly (D-IN),2,
11,Durbin (D-IL),2,
11,Enzi (R-WY),1,
11,Feinstein (D-CA),2,
11,Fischer (R-NE),1,
11,Flake (R-AZ),1,
11,Franken (D-MN),2,
11,Gillibrand (D-NY),2,
11,Graham (R-SC),2,
11,Grassley (R-IA),1,
11,Hagan (D-NC),2,
11,Harkin (D-IA),2,
11,Hatch (R-UT),1,
11,Heinrich (D-NM),2,
11,Heitkamp (D-ND),2,
11,Heller (R-NV),2,
11,Hirono (D-HI),2,
11,Hoeven (R-ND),2,
11,Inhofe (R-OK),1,
11,Isakson (R-GA),1,
11,Johanns (R-NE),1,
11,Johnson (D-SD),2,
11,Johnson (R-WI),1,
11,Kaine (D-VA),2,
11,Kerry (D-MA),0,
11,King (I-ME),2,
11,Kirk (R-IL),1,
11,Klobuchar (D-MN),2,
11,Landrieu (D-LA),2,
11,Lautenberg (D-NJ),2,
11,Leahy (D-VT),2,
11,Lee (R-UT),1,
11,Levin (D-MI),2,
11,Manchin (D-WV),1,
11,McCain (R-AZ),2,
11,McCaskill (D-MO),2,
11,McConnell (R-KY),1,
11,Menendez (D-NJ),2,
11,Merkley (D-OR),2,
11,Mikulski (D-MD),2,
11,Moran (R-KS),1,
11,Murkowski (R-AK),2,
11,Murphy (D-CT),2,
11,Murray (D-WA),0,
11,Nelson (D-FL),2,
11,Paul (R-KY),1,
11,Portman (R-OH),1,
11,Pryor (D-AR),2,
11,Reed (D-RI),2,
11,Reid (D-NV),2,
11,Risch (R-ID),1,
11,Roberts (R-KS),1,
11,Rockefeller (D-WV),2,
11,Rubio (R-FL),1,
11,Sanders (I-VT),2,
11,Schatz (D-HI),2,
11,Schumer (D-NY),2,
11,Scott (R-SC),1,
11,Sessions (R-AL),1,
11,Shaheen (D-NH),2,
11,Shelby (R-AL),2,
11,Stabenow (D-MI),2,
11,Tester (D-MT),2,
11,Thune (R-SD),2,
11,Toomey (R-PA),1,
11,Udall (D-CO),2,
11,Udall (D-NM),2,
11,Vitter (R-LA),1,
11,Warner (D-VA),2,
11,Warren (D-MA),2,
11,Whitehouse (D-RI),2,
11,Wicker (R-MS),2,
11,Wyden (D-OR),2,
187,Alexander (R-TN),2,
187,Ayotte (R-NH),2,
187,Baldwin (D-WI),2,
187,Barrasso (R-WY),2,
187,Begich (D-AK),2,
187,Bennet (D-CO),2,
187,Blumenthal (D-CT),2,
187,Blunt (R-MO),2,
187,Booker (D-NJ),2,
187,Boozman (R-AR),2,
187,Boxer (D-CA),2,
187,Brown (D-OH),2,
187,Burr (R-NC),2,
187,Cantwell (D-WA),2,
187,Cardin (D-MD),2,
187,Carper (D-DE),2,
187,Casey (D-PA),2,
187,Chambliss (R-GA),2,
187,Coats (R-IN),2,
187,Coburn (R-OK),2,
187,Cochran (R-MS),0,
187,Collins (R-ME),2,
187,Coons (D-DE),2,
187,Corker (R-TN),1,
187,Cornyn (R-TX),2,
187,Crapo (R-ID),2,
187,Cruz (R-TX),2,
187,Donnelly (D-IN),2,
187,Durbin (D-IL),2,
187,Enzi (R-WY),2,
187,Feinstein (D-CA),2,
187,Fischer (R-NE),2,
187,Flake (R-AZ),2,
187,Franken (D-MN),2,
187,Gillibrand (D-NY),2,
187,Graham (R-SC),2,
187,Grassley (R-IA),2,
187,Hagan (D-NC),2,
187,Harkin (D-IA),2,
187,Hatch (R-UT),2,
187,Heinrich (D-NM),2,
187,Heitkamp (D-ND),2,
187,Heller (R-NV),2,
187,Hirono (D-HI),2,
187,Hoeven (R-ND),2,
187,Inhofe (R-OK),2,
187,Isakson (R-GA),2,
187,Johanns (R-NE),2,
187,Johnson (D-SD),2,
187,Johnson (R-WI),1,
187,Kaine (D-VA),2,
187,King (I-ME),2,
187,Kirk (R-IL),2,
187,Klobuchar (D-MN),2,
187,Landrieu (D-LA),2,
187,Leahy (D-VT),2,
187,Lee (R-UT),2,
187,Levin (D-MI),2,
187,Manchin (D-WV),2,
187,Markey (D-MA),2,
187,McCain (R-AZ),2,
187,McCaskill (D-MO),0,
187,McConnell (R-KY),2,
187,Menendez (D-NJ),2,
187,Merkley (D-OR),0,
187,Mikulski (D-MD),2,
187,Moran (R-KS),0,
187,Murkowski (R-AK),2,
187,Murphy (D-CT),2,
187,Murray (D-WA),2,
187,Nelson (D-FL),2,
187,Paul (R-KY),2,
187,Portman (R-OH),2,
187,Pryor (D-AR),2,
187,Reed (D-RI),2,
187,Reid (D-NV),2,
187,Risch (R-ID),2,
187,Roberts (R-KS),2,
187,Rockefeller (D-WV),2,
187,Rubio (R-FL),2,
187,Sanders (I-VT),2,
187,Schatz (D-HI),2,
187,Schumer (D-NY),2,
187,Scott (R-SC),2,
187,Sessions (R-AL),1,
187,Shaheen (D-NH),2,
187,Shelby (R-AL),2,
187,Stabenow (D-MI),2,
187,Tester (D-MT),2,
187,Thune (R-SD),2,
187,Toomey (R-PA),2,
187,Udall (D-CO),2,
187,Udall (D-NM),2,
187,Vitter (R-LA),2,
187,Walsh (D-MT),2,
187,Warner (D-VA),2,
187,Warren (D-MA),2,
187,Whitehouse (D-RI),2,
187,Wicker (R-MS),2,
187,Wyden (D-OR),2,
219,Alexander (R-TN),2,
219,Ayotte (R-NH),2,
219,Baldwin (D-WI),2,
219,Barrasso (R-WY),2,
219,Baucus (D-MT),2,
219,Begich (D-AK),2,
219,Bennet (D-CO),2,
219,Blumenthal (D-CT),2,
219,Blunt (R-MO),2,
219,Boozman (R-AR),2,
219,Boxer (D-CA),2,
219,Brown (D-OH),2,
219,Burr (R-NC),2,
219,Cantwell (D-WA),2,
219,Cardin (D-MD),2,
219,Carper (D-DE),2,
219,Casey (D-PA),2,
219,Chambliss (R-GA),2,
219,Chiesa (R-NJ),2,
219,Coats (R-IN),2,
219,Coburn (R-OK),1,
219,Cochran (R-MS),2,
219,Collins (R-ME),2,
219,Coons (D-DE),2,
219,Corker (R-TN),2,
219,Cornyn (R-TX),1,
219,Crapo (R-ID),1,
219,Cruz (R-TX),1,
219,Donnelly (D-IN),2,
219,Durbin (D-IL),2,
219,Enzi (R-WY),1,
219,Feinstein (D-CA),2,
219,Fischer (R-NE),2,
219,Flake (R-AZ),2,
219,Franken (D-MN),2,
219,Gillibrand (D-NY),2,
219,Graham (R-SC),2,
219,Grassley (R-IA),1,
219,Hagan (D-NC),2,
219,Harkin (D-IA),2,
219,Hatch (R-UT),2,
219,Heinrich (D-NM),2,
219,Heitkamp (D-ND),2,
219,Heller (R-NV),1,
219,Hirono (D-HI),2,
219,Hoeven (R-ND),2,
219,Inhofe (R-OK),0,
219,Isakson (R-GA),2,
219,Johanns (R-NE),2,
219,Johnson (D-SD),2,
219,Johnson (R-WI),1,
219,Kaine (D-VA),2,
219,King (I-ME),2,
219,Kirk (R-IL),2,
219,Klobuchar (D-MN),2,
219,Landrieu (D-LA),2,
219,Leahy (D-VT),2,
219,Lee (R-UT),1,
219,Levin (D-MI),2,
219,Manchin (D-WV),2,
219,Markey (D-MA),2,
219,McCain (R-AZ),2,
219,McCaskill (D-MO),2,
219,McConnell (R-KY),2,
219,Menendez (D-NJ),2,
219,Merkley (D-OR),2,
219,Mikulski (D-MD),2,
219,Moran (R-KS),2,
219,Murkowski (R-AK),2,
219,Murphy (D-CT),2,
219,Murray (D-WA),2,
219,Nelson (D-FL),2,
219,Paul (R-KY),1,
219,Portman (R-OH),2,
219,Pryor (D-AR),2,
219,Reed (D-RI),2,
219,Reid (D-NV),2,
219,Risch (R-ID),1,
219,Roberts (R-KS),1,
219,Rockefeller (D-WV),2,
219,Rubio (R-FL),1,
219,Sanders (I-VT),2,
219,Schatz (D-HI),2,
219,Schumer (D-NY),2,
219,Scott (R-SC),1,
219,Sessions (R-AL),1,
219,Shaheen (D-NH),2,
219,Shelby (R-AL),1,
219,Stabenow (D-MI),2,
219,Tester (D-MT),2,
219,Thune (R-SD),2,
219,Toomey (R-PA),1,
219,Udall (D-CO),2,
219,Udall (D-NM),2,
219,Vitter (R-LA),1,
219,Warner (D-VA),2,
219,Warren (D-MA),2,
219,Whitehouse (D-RI),2,
219,Wicker (R-MS),2,
219,Wyden (D-OR),2,
185,Alexander (R-TN),2,
185,Ayotte (R-NH),2,
185,Baldwin (D-WI),1,
185,Barrasso (R-WY),2,
185,Baucus (D-MT),2,
185,Begich (D-AK),2,
185,Bennet (D-CO),2,
185,Blumenthal (D-CT),1,
185,Blunt (R-MO),2,
185,Boozman (R-AR),2,
185,Boxer (D-CA),1,
185,Brown (D-OH),1,
185,Burr (R-NC),2,
185,Cantwell (D-WA),2,
185,Cardin (D-MD),1,
185,Carper (D-DE),2,
185,Casey (D-PA),2,
185,Chambliss (R-GA),2,
185,Chiesa (R-NJ),2,
185,Coats (R-IN),2,
185,Coburn (R-OK),2,
185,Cochran (R-MS),2,
185,Collins (R-ME),2,
185,Coons (D-DE),2,
185,Corker (R-TN),2,
185,Cornyn (R-TX),2,
185,Crapo (R-ID),2,
185,Cruz (R-TX),2,
185,Donnelly (D-IN),2,
185,Durbin (D-IL),2,
185,Enzi (R-WY),2,
185,Feinstein (D-CA),2,
185,Fischer (R-NE),2,
185,Flake (R-AZ),2,
185,Franken (D-MN),2,
185,Gillibrand (D-NY),1,
185,Graham (R-SC),2,
185,Grassley (R-IA),2,
185,Hagan (D-NC),2,
185,Harkin (D-IA),2,
185,Hatch (R-UT),2,
185,Heinrich (D-NM),2,
185,Heitkamp (D-ND),2,
185,Heller (R-NV),2,
185,Hirono (D-HI),1,
185,Hoeven (R-ND),2,
185,Inhofe (R-OK),2,
185,Isakson (R-GA),2,
185,Johanns (R-NE),2,
185,Johnson (D-SD),2,
185,Johnson (R-WI),2,
185,Kaine (D-VA),2,
185,King (I-ME),2,
185,Kirk (R-IL),2,
185,Klobuchar (D-MN),2,
185,Landrieu (D-LA),2,
185,Leahy (D-VT),1,
185,Lee (R-UT),1,
185,Levin (D-MI),2,
185,Manchin (D-WV),2,
185,Markey (D-MA),1,
185,McCain (R-AZ),2,
185,McCaskill (D-MO),0,
185,McConnell (R-KY),2,
185,Menendez (D-NJ),1,
185,Merkley (D-OR),2,
185,Mikulski (D-MD),2,
185,Moran (R-KS),2,
185,Murkowski (R-AK),2,
185,Murphy (D-CT),1,
185,Murray (D-WA),2,
185,Nelson (D-FL),2,
185,Paul (R-KY),2,
185,Portman (R-OH),2,
185,Pryor (D-AR),2,
185,Reed (D-RI),1,
185,Reid (D-NV),2,
185,Risch (R-ID),2,
185,Roberts (R-KS),2,
185,Rockefeller (D-WV),2,
185,Rubio (R-FL),2,
185,Sanders (I-VT),1,
185,Schatz (D-HI),2,
185,Schumer (D-NY),2,
185,Scott (R-SC),2,
185,Sessions (R-AL),2,
185,Shaheen (D-NH),2,
185,Shelby (R-AL),2,
185,Stabenow (D-MI),1,
185,Tester (D-MT),2,
185,Thune (R-SD),2,
185,Toomey (R-PA),2,
185,Udall (D-CO),2,
185,Udall (D-NM),1,
185,Vitter (R-LA),2,
185,Warner (D-VA),2,
185,Warren (D-MA),1,
185,Whitehouse (D-RI),1,
185,Wicker (R-MS),2,
185,Wyden (D-OR),2,
4,Alexander (R-TN),2,
4,Ayotte (R-NH),1,
4,Baldwin (D-WI),2,
4,Barrasso (R-WY),1,
4,Baucus (D-MT),2,
4,Begich (D-AK),2,
4,Bennet (D-CO),2,
4,Blumenthal (D-CT),2,
4,Blunt (R-MO),1,
4,Boozman (R-AR),1,
4,Boxer (D-CA),2,
4,Brown (D-OH),2,
4,Burr (R-NC),1,
4,Cantwell (D-WA),2,
4,Cardin (D-MD),2,
4,Carper (D-DE),2,
4,Casey (D-PA),2,
4,Chambliss (R-GA),1,
4,Coats (R-IN),1,
4,Coburn (R-OK),1,
4,Cochran (R-MS),2,
4,Collins (R-ME),2,
4,Coons (D-DE),2,
4,Corker (R-TN),1,
4,Cornyn (R-TX),1,
4,Crapo (R-ID),1,
4,Cruz (R-TX),1,
4,Donnelly (D-IN),2,
4,Durbin (D-IL),2,
4,Enzi (R-WY),1,
4,Feinstein (D-CA),2,
4,Fischer (R-NE),1,
4,Flake (R-AZ),1,
4,Franken (D-MN),2,
4,Gillibrand (D-NY),2,
4,Graham (R-SC),1,
4,Grassley (R-IA),1,
4,Hagan (D-NC),2,
4,Harkin (D-IA),2,
4,Hatch (R-UT),1,
4,Heinrich (D-NM),2,
4,Heitkamp (D-ND),2,
4,Heller (R-NV),2,
4,Hirono (D-HI),2,
4,Hoeven (R-ND),2,
4,Inhofe (R-OK),1,
4,Isakson (R-GA),1,
4,Johanns (R-NE),1,
4,Johnson (D-SD),2,
4,Johnson (R-WI),1,
4,Kaine (D-VA),2,
4,Kerry (D-MA),2,
4,King (I-ME),0,
4,Kirk (R-IL),1,
4,Klobuchar (D-MN),2,
4,Landrieu (D-LA),2,
4,Lautenberg (D-NJ),2,
4,Leahy (D-VT),2,
4,Lee (R-UT),1,
4,Levin (D-MI),2,
4,Manchin (D-WV),2,
4,McCain (R-AZ),1,
4,McCaskill (D-MO),2,
4,McConnell (R-KY),1,
4,Menendez (D-NJ),2,
4,Merkley (D-OR),2,
4,Mikulski (D-MD),2,
4,Moran (R-KS),1,
4,Murkowski (R-AK),2,
4,Murphy (D-CT),2,
4,Murray (D-WA),0,
4,Nelson (D-FL),2,
4,Paul (R-KY),1,
4,Portman (R-OH),1,
4,Pryor (D-AR),2,
4,Reed (D-RI),2,
4,Reid (D-NV),2,
4,Risch (R-ID),1,
4,Roberts (R-KS),1,
4,Rockefeller (D-WV),2,
4,Rubio (R-FL),1,
4,Sanders (I-VT),2,
4,Schatz (D-HI),2,
4,Schumer (D-NY),2,
4,Scott (R-SC),1,
4,Sessions (R-AL),1,
4,Shaheen (D-NH),2,
4,Shelby (R-AL),2,
4,Stabenow (D-MI),2,
4,Tester (D-MT),2,
4,Thune (R-SD),1,
4,Toomey (R-PA),1,
4,Udall (D-CO),2,
4,Udall (D-NM),2,
4,Vitter (R-LA),2,
4,Warner (D-VA),2,
4,Warren (D-MA),2,
4,Whitehouse (D-RI),2,
4,Wicker (R-MS),2,
4,Wyden (D-OR),2,
